teacher,secretVal
"贾后明,冯灵芝,伍光良,陆连军",jzzDBZTsoWK1ySB54j7sBnR6X+HKRVzw4Pl/HQtpoRoVtYv/C4GCVAMRHP4p6JY7TUtJi1Yo0EcTaYgo18L8gYiXn72DpN4NZpLmNnoCkkvklgBfsTpj6JKpcGW1po+rGl6cMl3+vJhxgGuQOsPfkGmltk+1uYhcXcMIXx7ttBY=
"冯灵芝,周显信,伍光良,陆连军,贾后明",jzzDBZTsoWK1ySB54j7sBhKeBhezgtaZtf3ynvLA6eEVtYv/C4GCVAMRHP4p6JY7TUtJi1Yo0EcTaYgo18L8gYiXn72DpN4NZpLmNnoCkkvklgBfsTpj6JKpcGW1po+rGl6cMl3+vJhxgGuQOsPfkGmltk+1uYhcXcMIXx7ttBY=
"伍光良,陆连军,贾后明,冯灵芝",jzzDBZTsoWK1ySB54j7sBhElUngyY5jpOp6Wgq220rgVtYv/C4GCVAMRHP4p6JY7TUtJi1Yo0EcTaYgo18L8gYiXn72DpN4NZpLmNnoCkkvklgBfsTpj6JKpcGW1po+rGl6cMl3+vJhxgGuQOsPfkGmltk+1uYhcXcMIXx7ttBY=
"陆连军,贾后明,冯灵芝,伍光良",jzzDBZTsoWK1ySB54j7sBg65M30LPY4HrMefuytCNNMVtYv/C4GCVAMRHP4p6JY7TUtJi1Yo0EcTaYgo18L8gYiXn72DpN4NZpLmNnoCkkvklgBfsTpj6JKpcGW1po+rGl6cMl3+vJhxgGuQOsPfkGmltk+1uYhcXcMIXx7ttBY=
"张齐,叶舒凤,崔中良,王可心",jzzDBZTsoWK1ySB54j7sBsa9BiL6fSNxe1H+0PtXhlAVtYv/C4GCVAMRHP4p6JY7TUtJi1Yo0EcTaYgo18L8gYiXn72DpN4NZpLmNnoCkkvklgBfsTpj6JKpcGW1po+rGl6cMl3+vJhxgGuQOsPfkGmltk+1uYhcXcMIXx7ttBY=
"叶舒凤,崔中良,王可心,张齐",jzzDBZTsoWK1ySB54j7sBl3vskPlV0I7mq2jixJfhpgVtYv/C4GCVAMRHP4p6JY7TUtJi1Yo0EcTaYgo18L8gYiXn72DpN4NZpLmNnoCkkvklgBfsTpj6JKpcGW1po+rGl6cMl3+vJhxgGuQOsPfkGmltk+1uYhcXcMIXx7ttBY=
"崔中良,王可心,张齐,叶舒凤",jzzDBZTsoWK1ySB54j7sBqkRmK40if26zwebIrWKlHgVtYv/C4GCVAMRHP4p6JY7TUtJi1Yo0EcTaYgo18L8gYiXn72DpN4NZpLmNnoCkkvklgBfsTpj6JKpcGW1po+rGl6cMl3+vJhxgGuQOsPfkGmltk+1uYhcXcMIXx7ttBY=
"王可心,张齐,叶舒凤,崔中良",jzzDBZTsoWK1ySB54j7sBl8rfoPJx01NU2rUxWbPRvwVtYv/C4GCVAMRHP4p6JY7TUtJi1Yo0EcTaYgo18L8gYiXn72DpN4NZpLmNnoCkkvklgBfsTpj6JKpcGW1po+rGl6cMl3+vJhxgGuQOsPfkGmltk+1uYhcXcMIXx7ttBY=
"陈奇娟,王玉萍,阚亚薇,唐美丽",jzzDBZTsoWK1ySB54j7sBqawojr7zrc9Ho8NgL4k6KwVtYv/C4GCVAMRHP4p6JY7TUtJi1Yo0EcTaYgo18L8gYiXn72DpN4NZpLmNnoCkkvklgBfsTpj6JKpcGW1po+rGl6cMl3+vJhxgGuQOsPfkGmltk+1uYhcXcMIXx7ttBY=
"王玉萍,阚亚薇,唐美丽,陈奇娟",jzzDBZTsoWK1ySB54j7sBjnBL/CbVfM3BCVOJM9FSakVtYv/C4GCVAMRHP4p6JY7TUtJi1Yo0EcTaYgo18L8gYiXn72DpN4NZpLmNnoCkkvklgBfsTpj6JKpcGW1po+rGl6cMl3+vJhxgGuQOsPfkGmltk+1uYhcXcMIXx7ttBY=
"阚亚薇,唐美丽,陈奇娟,王玉萍",jzzDBZTsoWK1ySB54j7sBjVSKbdAvW5epE4vyMQTDuAVtYv/C4GCVAMRHP4p6JY7TUtJi1Yo0EcTaYgo18L8gYiXn72DpN4NZpLmNnoCkkvklgBfsTpj6JKpcGW1po+rGl6cMl3+vJhxgGuQOsPfkGmltk+1uYhcXcMIXx7ttBY=
"唐美丽,陈奇娟,王玉萍,阚亚薇",jzzDBZTsoWK1ySB54j7sBnZ/O965PzQZxnreDFXbYsgVtYv/C4GCVAMRHP4p6JY7TUtJi1Yo0EcTaYgo18L8gYiXn72DpN4NZpLmNnoCkkvklgBfsTpj6JKpcGW1po+rGl6cMl3+vJhxgGuQOsPfkGmltk+1uYhcXcMIXx7ttBY=
潘金宽,jzzDBZTsoWK1ySB54j7sBmrPjxJtjF36KVBgTACaXFkVtYv/C4GCVAMRHP4p6JY7TUtJi1Yo0EcTaYgo18L8gYiXn72DpN4NZpLmNnoCkkvklgBfsTpj6JKpcGW1po+rGl6cMl3+vJhxgGuQOsPfkGmltk+1uYhcXcMIXx7ttBY=
李德中,jzzDBZTsoWK1ySB54j7sBqWQkhiBmfXmZFX2waqIYXsVtYv/C4GCVAMRHP4p6JY7TUtJi1Yo0EcTaYgo18L8gYiXn72DpN4NZpLmNnoCkkvklgBfsTpj6JKpcGW1po+rGl6cMl3+vJhxgGuQOsPfkGmltk+1uYhcXcMIXx7ttBY=
郭幼茂,jzzDBZTsoWK1ySB54j7sBp3ZwKTC4+T15a851lguFXkVtYv/C4GCVAMRHP4p6JY7TUtJi1Yo0EcTaYgo18L8gYiXn72DpN4NZpLmNnoCkkvklgBfsTpj6JKpcGW1po+rGl6cMl3+vJhxgGuQOsPfkGmltk+1uYhcXcMIXx7ttBY=
赵靓,jzzDBZTsoWK1ySB54j7sBnZHmUlJcJ1o0T6Oc5AwLtYVtYv/C4GCVAMRHP4p6JY7TUtJi1Yo0EcTaYgo18L8gYiXn72DpN4NZpLmNnoCkkvklgBfsTpj6JKpcGW1po+rGl6cMl3+vJhxgGuQOsPfkGmltk+1uYhcXcMIXx7ttBY=
胡志彬,jzzDBZTsoWK1ySB54j7sBqKuRIWVDcbTo2g97RFvdxUVtYv/C4GCVAMRHP4p6JY7TUtJi1Yo0EcTaYgo18L8gYiXn72DpN4NZpLmNnoCkkvklgBfsTpj6JKpcGW1po+rGl6cMl3+vJhxgGuQOsPfkGmltk+1uYhcXcMIXx7ttBY=
王芳,jzzDBZTsoWK1ySB54j7sBrSYKvlqwtYmSYrrEyTAfAoVtYv/C4GCVAMRHP4p6JY7TUtJi1Yo0EcTaYgo18L8gYiXn72DpN4NZpLmNnoCkkvklgBfsTpj6JKpcGW1po+rGl6cMl3+vJhxgGuQOsPfkGmltk+1uYhcXcMIXx7ttBY=
钱振勤,jzzDBZTsoWK1ySB54j7sBl0z7SkewvvyGlmhXDKKp9gVtYv/C4GCVAMRHP4p6JY7TUtJi1Yo0EcTaYgo18L8gYiXn72DpN4NZpLmNnoCkkvklgBfsTpj6JKpcGW1po+rGl6cMl3+vJhxgGuQOsPfkGmltk+1uYhcXcMIXx7ttBY=
